{"airline": {"airline_id": 410, "name": "Aerocondor", "alias": "ANA All Nippon Airways", "iata": "2B", "icao": "ARD", "callsign": "AEROCONDOR", "country": "Portugal", "active": true}, "src_airport": {"airport_id": 2965, "name": "Sochi International Airport", "city": "Sochi", "country": "Russia", "iata": "AER", "icao": "URSS", "latitude": 43.449902, "longitude": 39.9566, "altitude": 89, "timezone": 3.0, "dst": "N", "tz_id": "Europe/Moscow", "type": "airport", "source": "OurAirports"}, "dst_airport": {"airport_id": 2990, "name": "Kazan International Airport", "city": "Kazan", "country": "Russia", "iata": "KZN", "icao": "UWKD", "latitude": 55.606201171875, "longitude": 49.278701782227, "altitude": 411, "timezone": 3.0, "dst": "N", "tz_id": "Europe/Moscow", "type": "airport", "source": "OurAirports"}, "codeshare": false, "equipment": ["CR2"]}