{
  "(619, 'dyer')": {
    "visit_id": 619,
    "person_id": "dyer",
    "quantity": "rad",
    "reading": 9.82
  },
  "(622, 'dyer')": {
    "visit_id": 622,
    "person_id": "dyer",
    "quantity": "rad",
    "reading": 7.8
  },
  "(734, 'lake')": {
    "visit_id": 734,
    "person_id": "lake",
    "quantity": "sal",
    "reading": 0.05
  },
  "(734, 'pb')": {
    "visit_id": 734,
    "person_id": "pb",
    "quantity": "rad",
    "reading": 8.41
  },
  "(735, 'pb')": {
    "visit_id": 735,
    "person_id": "pb",
    "quantity": "rad",
    "reading": 7.22
  },
  "(751, 'pb')": {
    "visit_id": 751,
    "person_id": "pb",
    "quantity": "rad",
    "reading": 4.35
  },
  "(752, 'lake')": {
    "visit_id": 752,
    "person_id": "lake",
    "quantity": "rad",
    "reading": 2.19
  },
  "(752, 'roe')": {
    "visit_id": 752,
    "person_id": "roe",
    "quantity": "sal",
    "reading": 41.6
  },
  "(837, 'lake')": {
    "visit_id": 837,
    "person_id": "lake",
    "quantity": "rad",
    "reading": 1.46
  },
  "(837, 'roe')": {
    "visit_id": 837,
    "person_id": "roe",
    "quantity": "sal",
    "reading": 22.5
  },
  "(844, 'roe')": {
    "visit_id": 844,
    "person_id": "roe",
    "quantity": "rad",
    "reading": 11.25
  }
}